Top pages,Clicks,Impressions,CTR,Position
https://moldovawebsite.md/preturi/,12,1337,0.9%,23.33
https://moldovawebsite.md/,5,997,0.5%,29.68
https://moldovawebsite.md/ru/preturi/,5,211,2.37%,29.34
https://moldovawebsite.md/preturi,3,409,0.73%,27.59
https://moldovawebsite.md/ru/,2,592,0.34%,40.13
https://moldovawebsite.md/ru/Цены,2,25,8%,36.48
https://moldovawebsite.md/serviciiBlog/magazin-online/,1,194,0.52%,27.37
https://moldovawebsite.md/contact/,1,8,12.5%,8.25
https://moldovawebsite.md/serviciiBlog/design-web,1,7,14.29%,33
https://moldovawebsite.md/ru/contact/,1,5,20%,20.6
https://moldovawebsite.md/ru/serviciiBlog/magazin-online/,0,123,0%,38.48
https://moldovawebsite.md/serviciiBlog/seo-on-page/,0,110,0%,49.68
https://moldovawebsite.md/serviciiBlog/seo-on-page,0,31,0%,38.16
https://moldovawebsite.md/serviciiBlog/dezvoltare-web/,0,31,0%,39.48
https://moldovawebsite.md/serviciiBlog/magazin-online,0,24,0%,20.79
https://moldovawebsite.md/ru/serviciiBlog/seo-on-page/,0,12,0%,51.58
https://moldovawebsite.md/ru/politica-confidentialitate/,0,6,0%,7.17
https://moldovawebsite.md/ru/serviciiBlog/design-web/,0,6,0%,39.5
https://moldovawebsite.md/politica-confidentialitate/,0,5,0%,8
https://moldovawebsite.md/ru/serviciiBlog/dezvoltare-web/,0,5,0%,8.6
https://moldovawebsite.md/ru/serviciiBlog/,0,5,0%,56.8
https://moldovawebsite.md/serviciiBlog/,0,3,0%,50.33
https://moldovawebsite.md/politica-confidentialitate,0,2,0%,5.5
https://moldovawebsite.md/termeni,0,2,0%,5.5
https://moldovawebsite.md/contact,0,2,0%,8.5
https://moldovawebsite.md/serviciiBlog/mentenanta,0,2,0%,12.5
https://moldovawebsite.md/serviciiBlog/dezvoltare-web,0,1,0%,1
https://moldovawebsite.md/serviciiBlog/design-web/,0,1,0%,10