Top queries,Clicks,Impressions,CTR,Position
site la comanda,2,2,100%,25
creare site,1,127,0.79%,38.54
creare site moldova,1,69,1.45%,34.94
creare website moldova,1,37,2.7%,30.11
создание веб-сайтов в молдове,1,9,11.11%,58.56
creare website pret,1,3,33.33%,21
servicii creare website,1,2,50%,21
site web pret,1,1,100%,1
pret creare site,0,130,0%,10.73
creare site web,0,119,0%,33.13
creare site web pret,0,116,0%,8.03
creare site chisinau,0,89,0%,45.07
realizare site web preturi,0,77,0%,3.81
pret creare website,0,66,0%,5.71
creare site pret,0,59,0%,13.47
creare website,0,51,0%,33.41
servicii creare site,0,49,0%,35.96
создание сайта кишинев,0,47,0%,59.53
разработка сайтов молдова,0,36,0%,52.83
creare magazin online moldova,0,35,0%,28.46
pagina web pret,0,34,0%,3.97
seo moldova,0,33,0%,54.79
создание сайтов кишинев,0,29,0%,54.76
создание интернет магазина молдова,0,27,0%,25.07
создание сайтов молдова,0,27,0%,37.74
разработка интернет магазина,0,27,0%,80.11
pret creare site moldova,0,26,0%,13.65
создание интернет магазина кишинев,0,26,0%,32.69
creare magazin online,0,25,0%,29.92
создать сайт кишинев,0,22,0%,41.32
seo optimizare moldova,0,21,0%,28.48
creare site web moldova,0,21,0%,30.52
creare website chisinau,0,21,0%,39.1
crearea site,0,20,0%,17.65
creare magazin online chișinău,0,20,0%,23.5
dezvoltare site moldova,0,20,0%,37.4
creare site ieftin,0,18,0%,9
oferta creare site web,0,17,0%,16.76
seo chisinau,0,17,0%,52.18
сайт на заказ молдова,0,16,0%,22.12
dezvoltare magazin online moldova,0,16,0%,36.44
creare siteuri,0,16,0%,43.12
servicii seo chisinau,0,16,0%,60
создание сайтов в молдове,0,15,0%,55.87
servicii seo profesionale moldova,0,14,0%,20.07
crearea site urilor moldova,0,14,0%,25.43
creare site uri web,0,13,0%,28.31
creare site web chișinău,0,13,0%,31.85
создание сайта молдова,0,12,0%,40
разработка сайтов кишинев,0,12,0%,63.83
site web,0,11,0%,1.73
creare site web magazin online,0,11,0%,33.27
поддержка веб-сайтов в молдове,0,11,0%,33.27
oferta site,0,10,0%,12.5
crearea site web,0,10,0%,20.3
сколько стоит сайт,0,10,0%,61.4
разработка интернет магазина кишинев,0,10,0%,69.6
servicii seo profesionale md,0,9,0%,30
dezvoltarea site-ului,0,9,0%,44.11
цена создания сайта,0,9,0%,48.67
разработка сайта кишинев,0,9,0%,63.33
creare site uri web profesionale pret,0,8,0%,5.75
realizare site web,0,8,0%,23.88
creare site companie,0,8,0%,28.12
dezvoltare site la comandă,0,8,0%,36.25
creare site uri,0,8,0%,38.62
разработка сайтов в молдове,0,8,0%,49.88
website la comanda,0,8,0%,58.62
web design moldova,0,8,0%,65
site web creare,0,7,0%,21.86
dezvoltare magazin online,0,7,0%,26
realizare site,0,7,0%,30.43
companie creare site chișinău,0,7,0%,31.14
creare site la comandă,0,7,0%,31.14
serviciu seo,0,7,0%,34.71
site prezentare pret,0,7,0%,36.57
разработка сайта молдова,0,7,0%,38.86
creare site la comanda,0,7,0%,40.14
dezvoltare web,0,7,0%,42.14
vanzari online,0,7,0%,42.29
создание сайтов в кишиневе,0,7,0%,54.57
создание веб-сайтов кишинев,0,7,0%,63.86
pret site,0,6,0%,11.17
servicii seo profesionale chisinau,0,6,0%,25.17
creare site online,0,6,0%,25.83
agentie servicii seo,0,6,0%,37.67
pret creare site web,0,5,0%,2
preturi pentru magazin,0,5,0%,5.6
crearea site urilor web moldova,0,5,0%,24
creatie site web,0,5,0%,25.4
crearea site-urilor web moldova,0,5,0%,28.8
dezvoltare magazin online chișinău,0,5,0%,29.8
comanda site,0,5,0%,35.4
creare site web chisinau,0,5,0%,37.4
landing page moldova,0,5,0%,39.6
dezvoltare site chișinău,0,5,0%,42.6
promovare seo moldova,0,5,0%,62.2
cat costa un site web,0,4,0%,4.5
creare magazin online pret,0,4,0%,9.5
сайт на заказ кишинев,0,4,0%,31.25
companie creare site moldova,0,4,0%,32.5
dezvoltare site,0,4,0%,39
dezvoltare site web,0,4,0%,46.75
companie seo,0,4,0%,48
servicii de seo,0,4,0%,49
создание интернет магазинов,0,4,0%,91
site de prezentare,0,3,0%,11
creare site de prezentare,0,3,0%,11.33
creare site chișinău,0,3,0%,39.33
web design chisinau,0,3,0%,57
разработка сайтов в кишиневе,0,3,0%,67.33
servicii seo,0,3,0%,69.33
agentie de seo,0,3,0%,88
продвижение сайтов молдова,0,3,0%,95
oferta creare site,0,2,0%,3
cost creare site,0,2,0%,3.5
crearea unui site web pret,0,2,0%,3.5
website pret,0,2,0%,5.5
oferta realizare site web,0,2,0%,8
optimizare seo on page,0,2,0%,11
creare site vanzari online,0,2,0%,13
oferta website,0,2,0%,16
web design preturi,0,2,0%,16.5
firma de incredere seo,0,2,0%,26.5
creare magazin online chisinau,0,2,0%,31
pret site prezentare,0,2,0%,34.5
magazineonline md,0,2,0%,43
servicii web design,0,2,0%,47
servicii seo performante,0,2,0%,56.5
creare site fonduri,0,2,0%,61.5
servicii seo profesionale,0,2,0%,71.5
разработка+интернет+магазина,0,2,0%,71.5
seo agentie,0,2,0%,75.5
soluții scalabile shopify,0,2,0%,77
servicii+seo,0,2,0%,86
продвижение сайтов в кишиневе,0,2,0%,92.5
pretul unui site web,0,1,0%,1
pret website,0,1,0%,2
pentru site,0,1,0%,3
pret site de prezentare,0,1,0%,3
pret web design,0,1,0%,3
preturi site,0,1,0%,3
site magazin online pret,0,1,0%,3
administrare site pret,0,1,0%,4
pret site magazin online,0,1,0%,4
pret site web,0,1,0%,4
pret website de prezentare,0,1,0%,4
site pret,0,1,0%,4
сайт цены,0,1,0%,4
cat costa un site,0,1,0%,5
pret creare site magazin online,0,1,0%,5
pret pagina web,0,1,0%,5
preturi website,0,1,0%,6
site de prezentare pret,0,1,0%,6
website md,0,1,0%,6
site,0,1,0%,7
website ieftin,0,1,0%,7
web услуги,0,1,0%,9
creare saituri,0,1,0%,10
pret creare magazin online,0,1,0%,10
web,0,1,0%,11
creare site uri web profesionale,0,1,0%,13
create moldova,0,1,0%,13
creare site magazin online,0,1,0%,15
creare site web profesional,0,1,0%,15
exemple site,0,1,0%,17
веб дизайн услуги,0,1,0%,18
creeare site,0,1,0%,20
site web de prezentare,0,1,0%,20
creare sait,0,1,0%,21
creare site profesional,0,1,0%,22
creare web site chisinau,0,1,0%,23
ioana radu 27/2,0,1,0%,23
creare site-uri web,0,1,0%,24
creare site md,0,1,0%,29
создать сайт молдова,0,1,0%,31
md seo,0,1,0%,35
realizare site ieftin,0,1,0%,36
will servicii de seo moldova,0,1,0%,40
will servicii de seo md,0,1,0%,42
поддержка веб-сайтов на wordpress в молдове,0,1,0%,44
стоимость создания сайта,0,1,0%,44
cat costa un website,0,1,0%,47
nastavenie%20seo,0,1,0%,47
"платформы or инструменты для запуска интернет-магазина -форумы -рейтинг 
-отзывы -обзоры -новости -news -blog -блоги -статьи -публикации -издания 
-медиаресурсы -журнал -газета -редакция",0,1,0%,47
создать сайт цена,0,1,0%,48
produse online,0,1,0%,49
разработка сайта цена,0,1,0%,54
costuri creare site,0,1,0%,68
agentie optimizare seo,0,1,0%,71
agentie seo,0,1,0%,76
creare magazine online,0,1,0%,79
crearea siteului,0,1,0%,80
заказать сайт,0,1,0%,82
інтрнет магазин,0,1,0%,82
oferte site prezentare,0,1,0%,87
preturi optimizare seo,0,1,0%,91
magazin online preturi,0,1,0%,92
продвижение сайта кишинев,0,1,0%,94
promovarea seo,0,1,0%,95
продвижение сайта в молдове,0,1,0%,100